id,uhf,name,borough,surface_temp_f,tree_canopy_pct,vegetation_pct,poverty_pct,heat_ed_rate,heat_ed_years,lisa_surface_temp_f,lisa_tree_canopy_pct,lisa_vegetation_pct,lisa_poverty_pct,lisa_heat_ed_rate,rank_canopy_gap,rank_hottest_surface,rank_canopy_gap_and_heat,rank_heat_illness,rank_equity_weighted,top10_share
101,101,Kingsbridge - Riverdale,Bronx,90.4,46.9313,61.9,15.19,5.47,10,ns,ns,ns,LH,ns,42,40,42,28,42,0.0
102,102,Northeast Bronx,Bronx,95.9,20.4548,34.3,14.87,8.22,10,ns,HH,HH,LH,ns,25,9,18,15,17,0.0068
103,103,Fordham - Bronx Park,Bronx,94.2,25.8705,38.2,32.56,8.83,10,ns,HH,HH,ns,ns,34,23,33,14,13,0.21
104,104,Pelham - Throgs Neck,Bronx,93.3,22.3106,42.4,22.84,8.2,10,LH,ns,ns,HH,ns,32,31,32,16,23,0.0
105,105,Crotona - Tremont,Bronx,95.5,21.4424,30.9,39.31,10.91,10,ns,ns,ns,HH,ns,29,12,22,9,6,0.8316
106,106,High Bridge - Morrisania,Bronx,96.9,12.986,18.2,38.67,9.73,10,ns,ns,ns,HH,HH,8,3,5,11,4,0.9886
107,107,Hunts Point - Mott Haven,Bronx,98.1,7.084,16.0,41.37,11.15,10,ns,ns,ns,HH,HH,1,1,1,8,1,1.0
201,201,Greenpoint,Brooklyn,96.5,8.8518,12.1,22.79,6.26,10,ns,LL,LL,ns,ns,3,5,3,23,8,0.6108
202,202,Downtown  - Heights - Slope,Brooklyn,95.0,15.9554,19.6,15.02,12.28,10,ns,ns,ns,ns,ns,18,17,16,5,11,0.3672
203,203,Bedford Stuyvesant - Crown Heights,Brooklyn,96.3,17.5919,23.5,25.92,12.41,10,HH,ns,LL,ns,HH,22,7,11,4,7,0.9218
204,204,East New York,Brooklyn,96.1,14.7548,27.1,28.56,12.16,10,ns,ns,ns,ns,ns,14,8,9,6,5,0.9942
205,205,Sunset Park,Brooklyn,93.4,15.0487,26.5,29.97,5.86,10,ns,ns,ns,ns,ns,15,29,23,26,14,0.164
206,206,Borough Park,Brooklyn,95.5,16.4552,20.3,26.71,4.2,10,ns,ns,ns,ns,ns,20,13,12,34,15,0.059
207,207,East Flatbush - Flatbush,Brooklyn,95.4,21.0179,28.2,17.03,7.29,10,ns,ns,ns,ns,ns,28,14,21,20,20,0.0
208,208,Canarsie - Flatlands,Brooklyn,92.6,16.3666,40.3,12.2,9.47,10,ns,ns,ns,ns,ns,19,33,29,12,25,0.0002
209,209,Bensonhurst - Bay Ridge,Brooklyn,93.7,14.2306,24.7,14.9,4.15,10,ns,ns,ns,ns,ns,12,27,19,36,28,0.0
210,210,Coney Island - Sheepshead Bay,Brooklyn,94.9,15.2418,22.7,19.31,5.94,10,ns,ns,ns,ns,ns,16,18,15,25,18,0.0
211,211,Williamsburg - Bushwick,Brooklyn,97.9,12.5158,16.8,30.53,14.83,10,ns,ns,ns,ns,ns,7,2,2,2,2,1.0
301,301,Washington Heights - Inwood,Manhattan,92.5,27.2105,33.0,23.5,7.82,10,LH,ns,ns,HH,HH,37,34,37,18,29,0.0
302,302,Central Harlem - Morningside Heights,Manhattan,95.4,20.6768,26.8,28.5,10.91,10,ns,ns,ns,HH,ns,27,15,20,10,9,0.6352
303,303,East Harlem,Manhattan,95.8,14.5933,30.2,34.31,14.44,10,ns,ns,ns,ns,ns,13,11,10,3,3,0.9988
304,304,Upper West Side,Manhattan,93.4,22.3844,26.7,11.22,3.88,10,ns,ns,LL,ns,ns,33,30,31,39,35,0.0
305,305,Upper East Side,Manhattan,93.8,17.0266,20.2,6.2,2.63,10,ns,LL,LL,ns,ns,21,25,24,42,37,0.0
306,306,Chelsea - Clinton,Manhattan,94.6,7.1955,7.8,13.15,5.1,10,ns,ns,LL,LL,LL,2,20,7,31,19,0.1712
307,307,Gramercy Park -  Murray Hill,Manhattan,93.7,10.5076,10.9,8.81,3.43,10,ns,LL,LL,ns,LL,6,28,14,41,31,0.0236
308,308,Greenwich Village - Soho,Manhattan,94.7,9.3442,9.7,9.74,3.86,10,ns,LL,LL,ns,LL,4,19,8,40,27,0.0688
309,309,Union Square - Lower East Side,Manhattan,94.6,20.6023,24.1,21.35,5.0,10,ns,HL,LL,ns,LL,26,21,25,32,24,0.0
310,310,Lower Manhattan,Manhattan,91.3,14.1067,22.6,10.09,5.29,10,ns,LL,LL,ns,ns,11,38,30,30,33,0.0
401,401,Long Island City - Astoria,Queens,96.8,10.411,17.0,14.61,7.7,10,ns,LL,LL,ns,ns,5,4,4,19,10,0.4902
402,402,West Queens,Queens,96.4,13.4604,23.2,16.08,5.33,10,HH,ns,ns,ns,ns,10,6,6,29,16,0.1478
403,403,Flushing - Clearview,Queens,94.0,19.8521,35.2,15.86,4.15,10,ns,ns,HH,ns,ns,23,24,26,37,32,0.0
404,404,Bayside - Little Neck,Queens,92.5,34.1789,52.0,8.6,4.18,10,ns,ns,ns,LL,LL,41,35,38,35,40,0.0
405,405,Ridgewood - Forest Hills,Queens,93.3,26.3968,43.9,11.2,5.54,10,LH,ns,ns,ns,ns,36,32,35,27,38,0.0
406,406,Fresh Meadows,Queens,93.8,26.1985,44.3,13.3,4.04,10,ns,ns,ns,LL,ns,35,26,34,38,36,0.0
407,407,Southwest Queens,Queens,95.1,15.6821,27.8,13.52,6.64,10,ns,ns,ns,ns,ns,17,16,13,22,21,0.0
408,408,Jamaica,Queens,95.9,20.087,31.1,13.46,7.05,10,ns,ns,HH,LL,LL,24,10,17,21,22,0.0002
409,409,Southeast Queens,Queens,94.3,21.7619,39.2,6.78,4.59,10,ns,ns,ns,LL,LL,31,22,28,33,34,0.0
410,410,Rockaway,Queens,92.1,13.2571,35.8,19.48,6.25,10,ns,ns,ns,ns,ns,9,36,27,24,26,0.0014
501,501,Port  Richmond,Staten Island,91.5,21.5901,35.8,22.13,15.28,10,LL,ns,HH,ns,ns,30,37,36,1,12,0.2956
502,502,Stapleton - St. George,Staten Island,91.3,30.092,48.5,18.67,12.08,10,LL,ns,ns,ns,ns,38,39,39,7,30,0.013
503,503,Willowbrook,Staten Island,88.6,30.9026,59.1,9.57,8.03,10,LL,ns,ns,ns,ns,39,42,41,17,41,0.0
504,504,South Beach - Tottenville,Staten Island,89.4,31.9619,55.2,7.65,8.91,10,LL,ns,HH,ns,ns,40,41,40,13,39,0.0
